{
  "test/unit/resources/http_test.rb": 1.2293035984039307,
  "test/unit/resources/kernel_parameter_test.rb": 0.12483358383178711,
  "test/unit/utils/deprecation_test.rb": 0.0019278526306152344,
  "test/unit/file_provider_test.rb": 0.0969085693359375,
  "test/unit/resources/etc_fstab_test.rb": 0.7208030223846436,
  "test/unit/config_test.rb": 0.11157989501953125,
  "test/unit/bundles/inspec-supermarket/api_test.rb": 0.04485940933227539,
  "test/functional/logging_test.rb": 15.343752145767212,
  "test/unit/resources/json_test.rb": 2.2913084030151367,
  "test/unit/resources/wmi_test.rb": 0.27242064476013184,
  "lib/plugins/inspec-habitat/test/unit/profile_test.rb": 0.11534738540649414,
  "test/unit/dependencies/requirement_test.rb": 0.003537893295288086,
  "test/unit/resources/aws_iam_role_test.rb": 0.004545927047729492,
  "test/unit/reporters/cli_test.rb": 0.010650873184204102,
  "test/unit/resources/docker_service_test.rb": 1.0367393493652344,
  "test/unit/plugin/v1/resource_test.rb": 0.34064602851867676,
  "test/unit/inputs/input_test.rb": 0.004008293151855469,
  "test/unit/resources/aws_iam_access_key_test.rb": 0.010415792465209961,
  "test/unit/resources/aws_cloudtrail_trail_test.rb": 0.009546518325805664,
  "test/unit/inputs/events_test.rb": 0.0012328624725341797,
  "lib/plugins/inspec-compliance/test/unit/target_test.rb": 0.0058438777923583984,
  "test/unit/plugin/v2/api_cli_test.rb": 9.608268737792969e-05,
  "test/unit/resources/ip6tables_test.rb": 0.4582860469818115,
  "test/unit/dsl/objects_test.rb": 0.009767293930053711,
  "test/unit/resources/aws_s3_bucket_object_test.rb": 0.0062007904052734375,
  "test/unit/plugin/v2/api_input_test.rb": 0.00015211105346679688,
  "test/unit/profiles/profile_test.rb": 0.13086366653442383,
  "test/unit/resources/apt_test.rb": 0.923189640045166,
  "test/unit/resources/docker_image_test.rb": 0.8074831962585449,
  "test/unit/resources/aws_iam_root_user_test.rb": 0.0005619525909423828,
  "test/unit/resources/host_test.rb": 1.369344711303711,
  "test/unit/resources/auditd_conf_test.rb": 0.1235358715057373,
  "test/unit/plugin/v2/plugin_conf_test.rb": 0.012718915939331055,
  "test/unit/reporters/json_automate_test.rb": 0.003318309783935547,
  "test/unit/resources/elasticsearch_test.rb": 2.740802526473999,
  "test/unit/utils/filter_table_test.rb": 0.01719069480895996,
  "test/unit/ui_test.rb": 0.12977838516235352,
  "test/unit/resources/file_test.rb": 0.699383020401001,
  "test/unit/resources/aws_eks_cluster_test.rb": 0.022138118743896484,
  "test/unit/resources/postgres_session_test.rb": 0.21983027458190918,
  "test/unit/resources/postgres_conf_test.rb": 0.26375484466552734,
  "test/unit/resources/aws_s3_buckets_test.rb": 0.002189159393310547,
  "test/unit/utils/filter_array_test.rb": 0.0003178119659423828,
  "test/unit/resources/aws_s3_bucket_test.rb": 0.009132862091064453,
  "test/unit/resources/aws_billing_reports_test.rb": 0.00447535514831543,
  "test/unit/resources/aws_iam_access_keys_test.rb": 0.012114763259887695,
  "test/functional/license_test.rb": 24.622792720794678,
  "test/unit/profiles/profile_context_test.rb": 6.343690395355225,
  "test/unit/resources/x509_certificate_test.rb": 1.5553324222564697,
  "test/unit/resources/aws_ec2_instances_test.rb": 0.0027618408203125,
  "test/unit/backend_test.rb": 0.44538426399230957,
  "test/unit/resources/aws_sns_topics_test.rb": 0.0012202262878417969,
  "lib/plugins/inspec-compliance/test/functional/inspec_compliance_test.rb": 12.158408164978027,
  "test/unit/resources/package_test.rb": 1.923675537109375,
  "test/unit/resources/aws_kms_keys_test.rb": 0.0036127567291259766,
  "test/unit/runner_test.rb": 0.5668489933013916,
  "test/unit/resources/etc_hosts_allow_deny_test.rb": 0.0008852481842041016,
  "test/unit/reporters/automate_test.rb": 0.0023496150970458984,
  "test/unit/resources/aws_subnet_test.rb": 0.008584260940551758,
  "test/unit/resources/aws_sns_subscription_test.rb": 0.009505271911621094,
  "test/unit/resources/aws_flow_log_test.rb": 0.005797147750854492,
  "test/unit/resources/firewalld_test.rb": 0.001439809799194336,
  "test/unit/reporters/yaml_test.rb": 0.001329183578491211,
  "test/unit/resources/aws_rds_instance_test.rb": 0.0025510787963867188,
  "test/unit/resources/packages_test.rb": 1.2467107772827148,
  "test/unit/resources/aws_config_delivery_channel_test.rb": 0.053925514221191406,
  "test/unit/source_readers/flat_test.rb": 0.0030901432037353516,
  "test/unit/resources/ssh_conf_test.rb": 0.5001556873321533,
  "test/unit/utils/find_files_test.rb": 0.0073697566986083984,
  "test/unit/fetchers/url_test.rb": 0.03256821632385254,
  "test/unit/resources/windows_feature_test.rb": 0.4632289409637451,
  "test/functional/inspec_exec_automate_test.rb": 4.509188890457153,
  "test/functional/inspec_artifact_test.rb": 8.120951890945435,
  "test/functional/git_fetcher_test.rb": 15.92367959022522,
  "test/unit/resources/aws_cloudwatch_log_metric_filter_test.rb": 0.0050504207611083984,
  "test/unit/resources/vbscript_test.rb": 0.1094200611114502,
  "test/unit/resources/rabbitmq_conf_test.rb": 0.11553096771240234,
  "test/unit/resources/aws_sqs_queue_test.rb": 0.009199142456054688,
  "test/unit/plugin/v2/api_base_test.rb": 0.0023660659790039062,
  "test/unit/resources/postgres_ident_conf_test.rb": 0.000438690185546875,
  "test/unit/reporters/json_min_test.rb": 0.0014014244079589844,
  "test/unit/resources/kernel_module_test.rb": 1.9860725402832031,
  "test/unit/inputs/validation_test.rb": 0.004639625549316406,
  "test/unit/resources/aws_billing_report_test.rb": 0.008073091506958008,
  "test/unit/resources/aws_config_recorder_test.rb": 0.005926609039306641,
  "test/unit/resources/aws_iam_policies_test.rb": 0.002453327178955078,
  "test/unit/resources/shadow_test.rb": 2.8242545127868652,
  "test/unit/resources/aws_iam_user_test.rb": 0.019710063934326172,
  "test/unit/profiles/profile_resource_exceptions_test.rb": 0.09007620811462402,
  "test/unit/resources/sys_info_test.rb": 0.40329813957214355,
  "test/unit/resources/xml_test.rb": 1.1623187065124512,
  "test/unit/resources/mount_test.rb": 0.32556962966918945,
  "test/unit/resources/mssql_session_test.rb": 0.9317989349365234,
  "test/unit/fetchers/mock_test.rb": 0.0003528594970703125,
  "test/unit/resources/interface_test.rb": 0.6857821941375732,
  "test/unit/resources/aws_ebs_volumes_test.rb": 0.0028533935546875,
  "lib/plugins/inspec-compliance/test/unit/api_test.rb": 0.012469768524169922,
  "lib/plugins/inspec-plugin-manager-cli/test/functional/list_test.rb": 12.33847975730896,
  "test/unit/resources/aws_elbs_test.rb": 0.0114898681640625,
  "test/unit/fetchers/local_test.rb": 0.0002498626708984375,
  "test/unit/utils/simpleconfig_test.rb": 0.0006554126739501953,
  "test/unit/resources/command_test.rb": 1.308288335800171,
  "test/unit/resources/aws_kms_key_test.rb": 0.010614633560180664,
  "test/unit/resources/nginx_test.rb": 2.356570243835449,
  "test/unit/resources/ini_test.rb": 0.0962381362915039,
  "test/unit/resources/aws_iam_groups_test.rb": 0.0017852783203125,
  "test/unit/plugin/v2/api_dsl_test.rb": 0.00039839744567871094,
  "test/unit/resources/nginx_conf_test.rb": 3.4967095851898193,
  "test/unit/resources/aws_cloudwatch_alarm_test.rb": 0.004189491271972656,
  "test/unit/resources/aws_security_groups_test.rb": 0.004458427429199219,
  "test/unit/resources/groups_test.rb": 1.5904195308685303,
  "test/unit/utils/nginx_parser_test.rb": 0.04525184631347656,
  "test/unit/resources/passwd_test.rb": 1.9739344120025635,
  "test/unit/inputs/input_registry_test.rb": 0.006102800369262695,
  "test/unit/plugin/v2/loader_test.rb": 2.8721730709075928,
  "test/functional/filter_table_test.rb": 16.349918842315674,
  "test/unit/resources/yum_test.rb": 0.234299898147583,
  "test/unit/resources/toml_test.rb": 0.5408849716186523,
  "test/unit/profiles/metadata_test.rb": 1.7872352600097656,
  "test/unit/resources/etc_hosts_test.rb": 0.4144096374511719,
  "test/unit/resources/bond_test.rb": 0.13292813301086426,